<?xml version="1.0" encoding="UTF-8"?>
<root>
  <item name="android.speech.RecognitionService android.os.IBinder onBind(android.content.Intent)">
    <annotation name="android.support.annotation.NonNull" />
  </item>
  <item name="android.speech.RecognizerIntent android.content.Intent getVoiceDetailsIntent(android.content.Context) 0">
    <annotation name="android.support.annotation.NonNull" />
  </item>
  <item name="android.speech.SpeechRecognizer android.speech.SpeechRecognizer createSpeechRecognizer(android.content.Context)">
    <annotation name="android.support.annotation.NonNull" />
  </item>
  <item name="android.speech.SpeechRecognizer android.speech.SpeechRecognizer createSpeechRecognizer(android.content.Context, android.content.ComponentName)">
    <annotation name="android.support.annotation.NonNull" />
  </item>
  <item name="android.speech.SpeechRecognizer boolean isRecognitionAvailable(android.content.Context) 0">
    <annotation name="android.support.annotation.NonNull" />
  </item>
</root>

