<?xml version="1.0" encoding="UTF-8"?>
<root>
  <item name="android.service.wallpaper.WallpaperService android.os.IBinder onBind(android.content.Intent)">
    <annotation name="android.support.annotation.NonNull" />
  </item>
  <item name="android.service.wallpaper.WallpaperService void dump(java.io.FileDescriptor, java.io.PrintWriter, java.lang.String[]) 1">
    <annotation name="android.support.annotation.NonNull" />
  </item>
  <item name="android.service.wallpaper.WallpaperService.Engine android.view.SurfaceHolder getSurfaceHolder()">
    <annotation name="android.support.annotation.NonNull" />
  </item>
  <item name="android.service.wallpaper.WallpaperService.Engine void dump(java.lang.String, java.io.FileDescriptor, java.io.PrintWriter, java.lang.String[]) 2">
    <annotation name="android.support.annotation.NonNull" />
  </item>
</root>

