<?xml version="1.0" encoding="UTF-8"?>
<root>
  <item name="android.text.util.Linkify boolean addLinks(android.text.Spannable, int) 0">
    <annotation name="android.support.annotation.NonNull" />
  </item>
  <item name="android.text.util.Linkify boolean addLinks(android.text.Spannable, java.util.regex.Pattern, java.lang.String) 0">
    <annotation name="android.support.annotation.NonNull" />
  </item>
  <item name="android.text.util.Linkify boolean addLinks(android.text.Spannable, java.util.regex.Pattern, java.lang.String) 1">
    <annotation name="android.support.annotation.NonNull" />
  </item>
  <item name="android.text.util.Linkify boolean addLinks(android.text.Spannable, java.util.regex.Pattern, java.lang.String, android.text.util.Linkify.MatchFilter, android.text.util.Linkify.TransformFilter) 0">
    <annotation name="android.support.annotation.NonNull" />
  </item>
  <item name="android.text.util.Linkify boolean addLinks(android.text.Spannable, java.util.regex.Pattern, java.lang.String, android.text.util.Linkify.MatchFilter, android.text.util.Linkify.TransformFilter) 1">
    <annotation name="android.support.annotation.NonNull" />
  </item>
  <item name="android.text.util.Linkify boolean addLinks(android.widget.TextView, int) 0">
    <annotation name="android.support.annotation.NonNull" />
  </item>
  <item name="android.text.util.Linkify void addLinks(android.widget.TextView, java.util.regex.Pattern, java.lang.String) 0">
    <annotation name="android.support.annotation.NonNull" />
  </item>
  <item name="android.text.util.Linkify void addLinks(android.widget.TextView, java.util.regex.Pattern, java.lang.String) 1">
    <annotation name="android.support.annotation.NonNull" />
  </item>
  <item name="android.text.util.Linkify void addLinks(android.widget.TextView, java.util.regex.Pattern, java.lang.String, android.text.util.Linkify.MatchFilter, android.text.util.Linkify.TransformFilter) 0">
    <annotation name="android.support.annotation.NonNull" />
  </item>
  <item name="android.text.util.Linkify void addLinks(android.widget.TextView, java.util.regex.Pattern, java.lang.String, android.text.util.Linkify.MatchFilter, android.text.util.Linkify.TransformFilter) 1">
    <annotation name="android.support.annotation.NonNull" />
  </item>
  <item name="android.text.util.Rfc822Token Rfc822Token(java.lang.String, java.lang.String, java.lang.String) 0">
    <annotation name="android.support.annotation.Nullable" />
  </item>
  <item name="android.text.util.Rfc822Token Rfc822Token(java.lang.String, java.lang.String, java.lang.String) 1">
    <annotation name="android.support.annotation.Nullable" />
  </item>
  <item name="android.text.util.Rfc822Token Rfc822Token(java.lang.String, java.lang.String, java.lang.String) 2">
    <annotation name="android.support.annotation.Nullable" />
  </item>
  <item name="android.text.util.Rfc822Token java.lang.String getAddress()">
    <annotation name="android.support.annotation.Nullable" />
  </item>
  <item name="android.text.util.Rfc822Token java.lang.String getComment()">
    <annotation name="android.support.annotation.Nullable" />
  </item>
  <item name="android.text.util.Rfc822Token java.lang.String getName()">
    <annotation name="android.support.annotation.Nullable" />
  </item>
  <item name="android.text.util.Rfc822Token java.lang.String quoteComment(java.lang.String)">
    <annotation name="android.support.annotation.NonNull" />
  </item>
  <item name="android.text.util.Rfc822Token java.lang.String quoteComment(java.lang.String) 0">
    <annotation name="android.support.annotation.NonNull" />
  </item>
  <item name="android.text.util.Rfc822Token java.lang.String quoteName(java.lang.String)">
    <annotation name="android.support.annotation.NonNull" />
  </item>
  <item name="android.text.util.Rfc822Token java.lang.String quoteName(java.lang.String) 0">
    <annotation name="android.support.annotation.NonNull" />
  </item>
  <item name="android.text.util.Rfc822Token java.lang.String quoteNameIfNecessary(java.lang.String)">
    <annotation name="android.support.annotation.NonNull" />
  </item>
  <item name="android.text.util.Rfc822Token java.lang.String quoteNameIfNecessary(java.lang.String) 0">
    <annotation name="android.support.annotation.NonNull" />
  </item>
  <item name="android.text.util.Rfc822Token void setAddress(java.lang.String) 0">
    <annotation name="android.support.annotation.Nullable" />
  </item>
  <item name="android.text.util.Rfc822Token void setComment(java.lang.String) 0">
    <annotation name="android.support.annotation.Nullable" />
  </item>
  <item name="android.text.util.Rfc822Token void setName(java.lang.String) 0">
    <annotation name="android.support.annotation.Nullable" />
  </item>
  <item name="android.text.util.Rfc822Tokenizer android.text.util.Rfc822Token[] tokenize(java.lang.CharSequence)">
    <annotation name="android.support.annotation.NonNull" />
  </item>
  <item name="android.text.util.Rfc822Tokenizer android.text.util.Rfc822Token[] tokenize(java.lang.CharSequence) 0">
    <annotation name="android.support.annotation.NonNull" />
  </item>
  <item name="android.text.util.Rfc822Tokenizer int findTokenEnd(java.lang.CharSequence, int) 0">
    <annotation name="android.support.annotation.NonNull" />
  </item>
  <item name="android.text.util.Rfc822Tokenizer int findTokenStart(java.lang.CharSequence, int) 0">
    <annotation name="android.support.annotation.NonNull" />
  </item>
  <item name="android.text.util.Rfc822Tokenizer java.lang.CharSequence terminateToken(java.lang.CharSequence)">
    <annotation name="android.support.annotation.NonNull" />
  </item>
  <item name="android.text.util.Rfc822Tokenizer void tokenize(java.lang.CharSequence, java.util.Collection&lt;android.text.util.Rfc822Token&gt;) 0">
    <annotation name="android.support.annotation.NonNull" />
  </item>
  <item name="android.text.util.Rfc822Tokenizer void tokenize(java.lang.CharSequence, java.util.Collection&lt;android.text.util.Rfc822Token&gt;) 1">
    <annotation name="android.support.annotation.NonNull" />
  </item>
</root>

