<?xml version="1.0" encoding="UTF-8"?>
<root>
  <item name="android.util.AtomicFile AtomicFile(java.io.File) 0">
    <annotation name="android.support.annotation.NonNull" />
  </item>
  <item name="android.util.AtomicFile byte[] readFully()">
    <annotation name="android.support.annotation.NonNull" />
  </item>
  <item name="android.util.AtomicFile java.io.File getBaseFile()">
    <annotation name="android.support.annotation.NonNull" />
  </item>
  <item name="android.util.AtomicFile java.io.FileInputStream openRead()">
    <annotation name="android.support.annotation.NonNull" />
  </item>
  <item name="android.util.Base64 byte[] decode(byte[], int) 0">
    <annotation name="android.support.annotation.NonNull" />
  </item>
  <item name="android.util.Base64 byte[] decode(java.lang.String, int) 0">
    <annotation name="android.support.annotation.NonNull" />
  </item>
  <item name="android.util.Base64 byte[] encode(byte[], int) 0">
    <annotation name="android.support.annotation.NonNull" />
  </item>
  <item name="android.util.Base64 java.lang.String encodeToString(byte[], int)">
    <annotation name="android.support.annotation.NonNull" />
  </item>
  <item name="android.util.Base64 java.lang.String encodeToString(byte[], int) 0">
    <annotation name="android.support.annotation.NonNull" />
  </item>
  <item name="android.util.Base64 java.lang.String encodeToString(byte[], int, int, int)">
    <annotation name="android.support.annotation.NonNull" />
  </item>
  <item name="android.util.DebugUtils boolean isObjectSelected(java.lang.Object) 0">
    <annotation name="android.support.annotation.NonNull" />
  </item>
  <item name="android.util.DisplayMetrics boolean equals(android.util.DisplayMetrics) 0">
    <annotation name="android.support.annotation.NonNull" />
  </item>
  <item name="android.util.DisplayMetrics void setTo(android.util.DisplayMetrics) 0">
    <annotation name="android.support.annotation.NonNull" />
  </item>
  <item name="android.util.JsonWriter android.util.JsonWriter beginArray()">
    <annotation name="android.support.annotation.NonNull" />
  </item>
  <item name="android.util.JsonWriter android.util.JsonWriter beginObject()">
    <annotation name="android.support.annotation.NonNull" />
  </item>
  <item name="android.util.JsonWriter android.util.JsonWriter endArray()">
    <annotation name="android.support.annotation.NonNull" />
  </item>
  <item name="android.util.JsonWriter android.util.JsonWriter endObject()">
    <annotation name="android.support.annotation.NonNull" />
  </item>
  <item name="android.util.JsonWriter android.util.JsonWriter name(java.lang.String)">
    <annotation name="android.support.annotation.NonNull" />
  </item>
  <item name="android.util.JsonWriter android.util.JsonWriter nullValue()">
    <annotation name="android.support.annotation.NonNull" />
  </item>
  <item name="android.util.JsonWriter android.util.JsonWriter value(boolean)">
    <annotation name="android.support.annotation.NonNull" />
  </item>
  <item name="android.util.JsonWriter android.util.JsonWriter value(double)">
    <annotation name="android.support.annotation.NonNull" />
  </item>
  <item name="android.util.JsonWriter android.util.JsonWriter value(java.lang.Number)">
    <annotation name="android.support.annotation.NonNull" />
  </item>
  <item name="android.util.JsonWriter android.util.JsonWriter value(java.lang.String)">
    <annotation name="android.support.annotation.NonNull" />
  </item>
  <item name="android.util.JsonWriter android.util.JsonWriter value(long)">
    <annotation name="android.support.annotation.NonNull" />
  </item>
  <item name="android.util.JsonWriter void setIndent(java.lang.String) 0">
    <annotation name="android.support.annotation.NonNull" />
  </item>
  <item name="android.util.Log int wtf(java.lang.String, java.lang.Throwable) 1">
    <annotation name="android.support.annotation.NonNull" />
  </item>
  <item name="android.util.LongSparseArray E valueAt(int)">
    <annotation name="android.support.annotation.NonNull" />
  </item>
  <item name="android.util.LruCache java.util.Map&lt;K,V&gt; snapshot()">
    <annotation name="android.support.annotation.NonNull" />
  </item>
  <item name="android.util.MonthDisplayHelper int[] getDigitsForRow(int)">
    <annotation name="android.support.annotation.NonNull" />
  </item>
  <item name="android.util.Pair android.util.Pair&lt;A,B&gt; create(A, B)">
    <annotation name="android.support.annotation.NonNull" />
  </item>
  <item name="android.util.Patterns java.lang.String concatGroups(java.util.regex.Matcher)">
    <annotation name="android.support.annotation.NonNull" />
  </item>
  <item name="android.util.Patterns java.lang.String concatGroups(java.util.regex.Matcher) 0">
    <annotation name="android.support.annotation.NonNull" />
  </item>
  <item name="android.util.Patterns java.lang.String digitsAndPlusOnly(java.util.regex.Matcher)">
    <annotation name="android.support.annotation.NonNull" />
  </item>
  <item name="android.util.Patterns java.lang.String digitsAndPlusOnly(java.util.regex.Matcher) 0">
    <annotation name="android.support.annotation.NonNull" />
  </item>
  <item name="android.util.Property android.util.Property&lt;T,V&gt; of(java.lang.Class&lt;T&gt;, java.lang.Class&lt;V&gt;, java.lang.String)">
    <annotation name="android.support.annotation.NonNull" />
  </item>
  <item name="android.util.SparseArray E valueAt(int)">
    <annotation name="android.support.annotation.NonNull" />
  </item>
  <item name="android.util.StateSet boolean isWildCard(int[]) 0">
    <annotation name="android.support.annotation.NonNull" />
  </item>
  <item name="android.util.StateSet boolean stateSetMatches(int[], int) 0">
    <annotation name="android.support.annotation.NonNull" />
  </item>
  <item name="android.util.StateSet int[] trimStateSet(int[], int)">
    <annotation name="android.support.annotation.NonNull" />
  </item>
  <item name="android.util.StateSet int[] trimStateSet(int[], int) 0">
    <annotation name="android.support.annotation.NonNull" />
  </item>
  <item name="android.util.StateSet java.lang.String dump(int[])">
    <annotation name="android.support.annotation.NonNull" />
  </item>
  <item name="android.util.StateSet java.lang.String dump(int[]) 0">
    <annotation name="android.support.annotation.NonNull" />
  </item>
  <item name="android.util.StringBuilderPrinter void println(java.lang.String) 0">
    <annotation name="android.support.annotation.NonNull" />
  </item>
  <item name="android.util.TypedValue float applyDimension(int, float, android.util.DisplayMetrics) 2">
    <annotation name="android.support.annotation.NonNull" />
  </item>
  <item name="android.util.TypedValue float complexToDimension(int, android.util.DisplayMetrics) 1">
    <annotation name="android.support.annotation.NonNull" />
  </item>
  <item name="android.util.TypedValue float getDimension(android.util.DisplayMetrics) 0">
    <annotation name="android.support.annotation.NonNull" />
  </item>
  <item name="android.util.TypedValue int complexToDimensionPixelOffset(int, android.util.DisplayMetrics) 1">
    <annotation name="android.support.annotation.NonNull" />
  </item>
  <item name="android.util.TypedValue int complexToDimensionPixelSize(int, android.util.DisplayMetrics) 1">
    <annotation name="android.support.annotation.NonNull" />
  </item>
  <item name="android.util.TypedValue resourceId">
    <annotation name="android.support.annotation.AnyRes" />
  </item>
  <item name="android.util.TypedValue void setTo(android.util.TypedValue) 0">
    <annotation name="android.support.annotation.NonNull" />
  </item>
  <item name="android.util.Xml FEATURE_RELAXED">
    <annotation name="android.support.annotation.NonNull" />
  </item>
  <item name="android.util.Xml android.util.AttributeSet asAttributeSet(org.xmlpull.v1.XmlPullParser)">
    <annotation name="android.support.annotation.NonNull" />
  </item>
  <item name="android.util.Xml android.util.Xml.Encoding findEncodingByName(java.lang.String)">
    <annotation name="android.support.annotation.NonNull" />
  </item>
  <item name="android.util.Xml org.xmlpull.v1.XmlPullParser newPullParser()">
    <annotation name="android.support.annotation.NonNull" />
  </item>
  <item name="android.util.Xml void parse(java.io.InputStream, android.util.Xml.Encoding, org.xml.sax.ContentHandler) 1">
    <annotation name="android.support.annotation.NonNull" />
  </item>
</root>

