<?xml version="1.0" encoding="UTF-8"?>
<root>
  <item name="android.text.method.ArrowKeyMovementMethod boolean bottom(android.widget.TextView, android.text.Spannable) 1">
    <annotation name="android.support.annotation.NonNull" />
  </item>
  <item name="android.text.method.ArrowKeyMovementMethod boolean down(android.widget.TextView, android.text.Spannable) 0">
    <annotation name="android.support.annotation.NonNull" />
  </item>
  <item name="android.text.method.ArrowKeyMovementMethod boolean end(android.widget.TextView, android.text.Spannable) 0">
    <annotation name="android.support.annotation.NonNull" />
  </item>
  <item name="android.text.method.ArrowKeyMovementMethod boolean handleMovementKey(android.widget.TextView, android.text.Spannable, int, int, android.view.KeyEvent) 0">
    <annotation name="android.support.annotation.NonNull" />
  </item>
  <item name="android.text.method.ArrowKeyMovementMethod boolean handleMovementKey(android.widget.TextView, android.text.Spannable, int, int, android.view.KeyEvent) 4">
    <annotation name="android.support.annotation.NonNull" />
  </item>
  <item name="android.text.method.ArrowKeyMovementMethod boolean home(android.widget.TextView, android.text.Spannable) 0">
    <annotation name="android.support.annotation.NonNull" />
  </item>
  <item name="android.text.method.ArrowKeyMovementMethod boolean left(android.widget.TextView, android.text.Spannable) 0">
    <annotation name="android.support.annotation.NonNull" />
  </item>
  <item name="android.text.method.ArrowKeyMovementMethod boolean lineEnd(android.widget.TextView, android.text.Spannable) 0">
    <annotation name="android.support.annotation.NonNull" />
  </item>
  <item name="android.text.method.ArrowKeyMovementMethod boolean lineStart(android.widget.TextView, android.text.Spannable) 0">
    <annotation name="android.support.annotation.NonNull" />
  </item>
  <item name="android.text.method.ArrowKeyMovementMethod boolean onTouchEvent(android.widget.TextView, android.text.Spannable, android.view.MotionEvent) 0">
    <annotation name="android.support.annotation.NonNull" />
  </item>
  <item name="android.text.method.ArrowKeyMovementMethod boolean onTouchEvent(android.widget.TextView, android.text.Spannable, android.view.MotionEvent) 1">
    <annotation name="android.support.annotation.NonNull" />
  </item>
  <item name="android.text.method.ArrowKeyMovementMethod boolean onTouchEvent(android.widget.TextView, android.text.Spannable, android.view.MotionEvent) 2">
    <annotation name="android.support.annotation.NonNull" />
  </item>
  <item name="android.text.method.ArrowKeyMovementMethod boolean pageDown(android.widget.TextView, android.text.Spannable) 0">
    <annotation name="android.support.annotation.NonNull" />
  </item>
  <item name="android.text.method.ArrowKeyMovementMethod boolean pageUp(android.widget.TextView, android.text.Spannable) 0">
    <annotation name="android.support.annotation.NonNull" />
  </item>
  <item name="android.text.method.ArrowKeyMovementMethod boolean right(android.widget.TextView, android.text.Spannable) 0">
    <annotation name="android.support.annotation.NonNull" />
  </item>
  <item name="android.text.method.ArrowKeyMovementMethod boolean up(android.widget.TextView, android.text.Spannable) 0">
    <annotation name="android.support.annotation.NonNull" />
  </item>
  <item name="android.text.method.ArrowKeyMovementMethod void onTakeFocus(android.widget.TextView, android.text.Spannable, int) 0">
    <annotation name="android.support.annotation.NonNull" />
  </item>
  <item name="android.text.method.ArrowKeyMovementMethod void onTakeFocus(android.widget.TextView, android.text.Spannable, int) 1">
    <annotation name="android.support.annotation.NonNull" />
  </item>
  <item name="android.text.method.BaseKeyListener boolean backspace(android.view.View, android.text.Editable, int, android.view.KeyEvent) 1">
    <annotation name="android.support.annotation.NonNull" />
  </item>
  <item name="android.text.method.BaseKeyListener boolean backspace(android.view.View, android.text.Editable, int, android.view.KeyEvent) 3">
    <annotation name="android.support.annotation.NonNull" />
  </item>
  <item name="android.text.method.BaseKeyListener boolean forwardDelete(android.view.View, android.text.Editable, int, android.view.KeyEvent) 1">
    <annotation name="android.support.annotation.NonNull" />
  </item>
  <item name="android.text.method.BaseKeyListener boolean forwardDelete(android.view.View, android.text.Editable, int, android.view.KeyEvent) 3">
    <annotation name="android.support.annotation.NonNull" />
  </item>
  <item name="android.text.method.BaseKeyListener boolean onKeyDown(android.view.View, android.text.Editable, int, android.view.KeyEvent) 1">
    <annotation name="android.support.annotation.NonNull" />
  </item>
  <item name="android.text.method.BaseKeyListener boolean onKeyDown(android.view.View, android.text.Editable, int, android.view.KeyEvent) 3">
    <annotation name="android.support.annotation.NonNull" />
  </item>
  <item name="android.text.method.BaseKeyListener boolean onKeyOther(android.view.View, android.text.Editable, android.view.KeyEvent) 1">
    <annotation name="android.support.annotation.NonNull" />
  </item>
  <item name="android.text.method.BaseKeyListener boolean onKeyOther(android.view.View, android.text.Editable, android.view.KeyEvent) 2">
    <annotation name="android.support.annotation.NonNull" />
  </item>
  <item name="android.text.method.BaseMovementMethod boolean onGenericMotionEvent(android.widget.TextView, android.text.Spannable, android.view.MotionEvent) 0">
    <annotation name="android.support.annotation.NonNull" />
  </item>
  <item name="android.text.method.BaseMovementMethod boolean onGenericMotionEvent(android.widget.TextView, android.text.Spannable, android.view.MotionEvent) 2">
    <annotation name="android.support.annotation.NonNull" />
  </item>
  <item name="android.text.method.BaseMovementMethod boolean onKeyOther(android.widget.TextView, android.text.Spannable, android.view.KeyEvent) 2">
    <annotation name="android.support.annotation.NonNull" />
  </item>
  <item name="android.text.method.CharacterPickerDialog CharacterPickerDialog(android.content.Context, android.view.View, android.text.Editable, java.lang.String, boolean) 0">
    <annotation name="android.support.annotation.NonNull" />
  </item>
  <item name="android.text.method.DialerKeyListener int lookup(android.view.KeyEvent, android.text.Spannable) 0">
    <annotation name="android.support.annotation.NonNull" />
  </item>
  <item name="android.text.method.DigitsKeyListener android.text.method.DigitsKeyListener getInstance(java.lang.String)">
    <annotation name="android.support.annotation.NonNull" />
  </item>
  <item name="android.text.method.DigitsKeyListener android.text.method.DigitsKeyListener getInstance(java.lang.String) 0">
    <annotation name="android.support.annotation.NonNull" />
  </item>
  <item name="android.text.method.DigitsKeyListener java.lang.CharSequence filter(java.lang.CharSequence, int, int, android.text.Spanned, int, int) 3">
    <annotation name="android.support.annotation.NonNull" />
  </item>
  <item name="android.text.method.LinkMovementMethod boolean down(android.widget.TextView, android.text.Spannable) 0">
    <annotation name="android.support.annotation.NonNull" />
  </item>
  <item name="android.text.method.LinkMovementMethod boolean down(android.widget.TextView, android.text.Spannable) 1">
    <annotation name="android.support.annotation.NonNull" />
  </item>
  <item name="android.text.method.LinkMovementMethod boolean handleMovementKey(android.widget.TextView, android.text.Spannable, int, int, android.view.KeyEvent) 0">
    <annotation name="android.support.annotation.NonNull" />
  </item>
  <item name="android.text.method.LinkMovementMethod boolean handleMovementKey(android.widget.TextView, android.text.Spannable, int, int, android.view.KeyEvent) 1">
    <annotation name="android.support.annotation.NonNull" />
  </item>
  <item name="android.text.method.LinkMovementMethod boolean handleMovementKey(android.widget.TextView, android.text.Spannable, int, int, android.view.KeyEvent) 4">
    <annotation name="android.support.annotation.NonNull" />
  </item>
  <item name="android.text.method.LinkMovementMethod boolean left(android.widget.TextView, android.text.Spannable) 0">
    <annotation name="android.support.annotation.NonNull" />
  </item>
  <item name="android.text.method.LinkMovementMethod boolean left(android.widget.TextView, android.text.Spannable) 1">
    <annotation name="android.support.annotation.NonNull" />
  </item>
  <item name="android.text.method.LinkMovementMethod boolean onTouchEvent(android.widget.TextView, android.text.Spannable, android.view.MotionEvent) 0">
    <annotation name="android.support.annotation.NonNull" />
  </item>
  <item name="android.text.method.LinkMovementMethod boolean onTouchEvent(android.widget.TextView, android.text.Spannable, android.view.MotionEvent) 1">
    <annotation name="android.support.annotation.NonNull" />
  </item>
  <item name="android.text.method.LinkMovementMethod boolean onTouchEvent(android.widget.TextView, android.text.Spannable, android.view.MotionEvent) 2">
    <annotation name="android.support.annotation.NonNull" />
  </item>
  <item name="android.text.method.LinkMovementMethod boolean right(android.widget.TextView, android.text.Spannable) 0">
    <annotation name="android.support.annotation.NonNull" />
  </item>
  <item name="android.text.method.LinkMovementMethod boolean right(android.widget.TextView, android.text.Spannable) 1">
    <annotation name="android.support.annotation.NonNull" />
  </item>
  <item name="android.text.method.LinkMovementMethod boolean up(android.widget.TextView, android.text.Spannable) 0">
    <annotation name="android.support.annotation.NonNull" />
  </item>
  <item name="android.text.method.LinkMovementMethod boolean up(android.widget.TextView, android.text.Spannable) 1">
    <annotation name="android.support.annotation.NonNull" />
  </item>
  <item name="android.text.method.LinkMovementMethod void initialize(android.widget.TextView, android.text.Spannable) 1">
    <annotation name="android.support.annotation.NonNull" />
  </item>
  <item name="android.text.method.LinkMovementMethod void onTakeFocus(android.widget.TextView, android.text.Spannable, int) 1">
    <annotation name="android.support.annotation.NonNull" />
  </item>
  <item name="android.text.method.MetaKeyKeyListener boolean onKeyDown(android.view.View, android.text.Editable, int, android.view.KeyEvent) 1">
    <annotation name="android.support.annotation.NonNull" />
  </item>
  <item name="android.text.method.MetaKeyKeyListener boolean onKeyUp(android.view.View, android.text.Editable, int, android.view.KeyEvent) 1">
    <annotation name="android.support.annotation.NonNull" />
  </item>
  <item name="android.text.method.MetaKeyKeyListener boolean onKeyUp(android.view.View, android.text.Editable, int, android.view.KeyEvent) 3">
    <annotation name="android.support.annotation.NonNull" />
  </item>
  <item name="android.text.method.MetaKeyKeyListener int getMetaState(java.lang.CharSequence, android.view.KeyEvent) 1">
    <annotation name="android.support.annotation.NonNull" />
  </item>
  <item name="android.text.method.MetaKeyKeyListener int getMetaState(java.lang.CharSequence, int, android.view.KeyEvent) 2">
    <annotation name="android.support.annotation.NonNull" />
  </item>
  <item name="android.text.method.MetaKeyKeyListener long handleKeyUp(long, int, android.view.KeyEvent) 2">
    <annotation name="android.support.annotation.NonNull" />
  </item>
  <item name="android.text.method.MetaKeyKeyListener void adjustMetaAfterKeypress(android.text.Spannable) 0">
    <annotation name="android.support.annotation.NonNull" />
  </item>
  <item name="android.text.method.MetaKeyKeyListener void clearMetaKeyState(android.text.Editable, int) 0">
    <annotation name="android.support.annotation.NonNull" />
  </item>
  <item name="android.text.method.MetaKeyKeyListener void clearMetaKeyState(android.view.View, android.text.Editable, int) 1">
    <annotation name="android.support.annotation.NonNull" />
  </item>
  <item name="android.text.method.MetaKeyKeyListener void resetLockedMeta(android.text.Spannable) 0">
    <annotation name="android.support.annotation.NonNull" />
  </item>
  <item name="android.text.method.MetaKeyKeyListener void resetMetaState(android.text.Spannable) 0">
    <annotation name="android.support.annotation.NonNull" />
  </item>
  <item name="android.text.method.MultiTapKeyListener android.text.method.MultiTapKeyListener getInstance(boolean, android.text.method.TextKeyListener.Capitalize) 1">
    <annotation name="android.support.annotation.NonNull" />
  </item>
  <item name="android.text.method.MultiTapKeyListener boolean onKeyDown(android.view.View, android.text.Editable, int, android.view.KeyEvent) 1">
    <annotation name="android.support.annotation.NonNull" />
  </item>
  <item name="android.text.method.MultiTapKeyListener boolean onKeyDown(android.view.View, android.text.Editable, int, android.view.KeyEvent) 3">
    <annotation name="android.support.annotation.NonNull" />
  </item>
  <item name="android.text.method.MultiTapKeyListener void onSpanChanged(android.text.Spannable, java.lang.Object, int, int, int, int) 0">
    <annotation name="android.support.annotation.NonNull" />
  </item>
  <item name="android.text.method.NumberKeyListener boolean ok(char[], char) 0">
    <annotation name="android.support.annotation.NonNull" />
  </item>
  <item name="android.text.method.NumberKeyListener boolean onKeyDown(android.view.View, android.text.Editable, int, android.view.KeyEvent) 1">
    <annotation name="android.support.annotation.NonNull" />
  </item>
  <item name="android.text.method.NumberKeyListener int lookup(android.view.KeyEvent, android.text.Spannable) 0">
    <annotation name="android.support.annotation.NonNull" />
  </item>
  <item name="android.text.method.NumberKeyListener java.lang.CharSequence filter(java.lang.CharSequence, int, int, android.text.Spanned, int, int) 0">
    <annotation name="android.support.annotation.NonNull" />
  </item>
  <item name="android.text.method.PasswordTransformationMethod java.lang.CharSequence getTransformation(java.lang.CharSequence, android.view.View)">
    <annotation name="android.support.annotation.NonNull" />
  </item>
  <item name="android.text.method.QwertyKeyListener android.text.method.QwertyKeyListener getInstance(boolean, android.text.method.TextKeyListener.Capitalize) 1">
    <annotation name="android.support.annotation.NonNull" />
  </item>
  <item name="android.text.method.QwertyKeyListener boolean onKeyDown(android.view.View, android.text.Editable, int, android.view.KeyEvent) 1">
    <annotation name="android.support.annotation.NonNull" />
  </item>
  <item name="android.text.method.QwertyKeyListener boolean onKeyDown(android.view.View, android.text.Editable, int, android.view.KeyEvent) 3">
    <annotation name="android.support.annotation.NonNull" />
  </item>
  <item name="android.text.method.QwertyKeyListener void markAsReplaced(android.text.Spannable, int, int, java.lang.String) 0">
    <annotation name="android.support.annotation.NonNull" />
  </item>
  <item name="android.text.method.QwertyKeyListener void markAsReplaced(android.text.Spannable, int, int, java.lang.String) 3">
    <annotation name="android.support.annotation.NonNull" />
  </item>
  <item name="android.text.method.ScrollingMovementMethod boolean bottom(android.widget.TextView, android.text.Spannable) 0">
    <annotation name="android.support.annotation.NonNull" />
  </item>
  <item name="android.text.method.ScrollingMovementMethod boolean down(android.widget.TextView, android.text.Spannable) 0">
    <annotation name="android.support.annotation.NonNull" />
  </item>
  <item name="android.text.method.ScrollingMovementMethod boolean end(android.widget.TextView, android.text.Spannable) 0">
    <annotation name="android.support.annotation.NonNull" />
  </item>
  <item name="android.text.method.ScrollingMovementMethod boolean home(android.widget.TextView, android.text.Spannable) 0">
    <annotation name="android.support.annotation.NonNull" />
  </item>
  <item name="android.text.method.ScrollingMovementMethod boolean left(android.widget.TextView, android.text.Spannable) 0">
    <annotation name="android.support.annotation.NonNull" />
  </item>
  <item name="android.text.method.ScrollingMovementMethod boolean lineEnd(android.widget.TextView, android.text.Spannable) 0">
    <annotation name="android.support.annotation.NonNull" />
  </item>
  <item name="android.text.method.ScrollingMovementMethod boolean lineStart(android.widget.TextView, android.text.Spannable) 0">
    <annotation name="android.support.annotation.NonNull" />
  </item>
  <item name="android.text.method.ScrollingMovementMethod boolean onTouchEvent(android.widget.TextView, android.text.Spannable, android.view.MotionEvent) 0">
    <annotation name="android.support.annotation.NonNull" />
  </item>
  <item name="android.text.method.ScrollingMovementMethod boolean onTouchEvent(android.widget.TextView, android.text.Spannable, android.view.MotionEvent) 1">
    <annotation name="android.support.annotation.NonNull" />
  </item>
  <item name="android.text.method.ScrollingMovementMethod boolean onTouchEvent(android.widget.TextView, android.text.Spannable, android.view.MotionEvent) 2">
    <annotation name="android.support.annotation.NonNull" />
  </item>
  <item name="android.text.method.ScrollingMovementMethod boolean pageDown(android.widget.TextView, android.text.Spannable) 0">
    <annotation name="android.support.annotation.NonNull" />
  </item>
  <item name="android.text.method.ScrollingMovementMethod boolean pageUp(android.widget.TextView, android.text.Spannable) 0">
    <annotation name="android.support.annotation.NonNull" />
  </item>
  <item name="android.text.method.ScrollingMovementMethod boolean right(android.widget.TextView, android.text.Spannable) 0">
    <annotation name="android.support.annotation.NonNull" />
  </item>
  <item name="android.text.method.ScrollingMovementMethod boolean top(android.widget.TextView, android.text.Spannable) 0">
    <annotation name="android.support.annotation.NonNull" />
  </item>
  <item name="android.text.method.ScrollingMovementMethod boolean up(android.widget.TextView, android.text.Spannable) 0">
    <annotation name="android.support.annotation.NonNull" />
  </item>
  <item name="android.text.method.ScrollingMovementMethod void onTakeFocus(android.widget.TextView, android.text.Spannable, int) 0">
    <annotation name="android.support.annotation.NonNull" />
  </item>
  <item name="android.text.method.TextKeyListener android.text.method.TextKeyListener getInstance(boolean, android.text.method.TextKeyListener.Capitalize) 1">
    <annotation name="android.support.annotation.NonNull" />
  </item>
  <item name="android.text.method.TextKeyListener boolean onKeyDown(android.view.View, android.text.Editable, int, android.view.KeyEvent) 3">
    <annotation name="android.support.annotation.NonNull" />
  </item>
  <item name="android.text.method.TextKeyListener boolean onKeyOther(android.view.View, android.text.Editable, android.view.KeyEvent) 2">
    <annotation name="android.support.annotation.NonNull" />
  </item>
  <item name="android.text.method.TextKeyListener boolean onKeyUp(android.view.View, android.text.Editable, int, android.view.KeyEvent) 3">
    <annotation name="android.support.annotation.NonNull" />
  </item>
  <item name="android.text.method.TextKeyListener void clear(android.text.Editable) 0">
    <annotation name="android.support.annotation.NonNull" />
  </item>
  <item name="android.text.method.TextKeyListener void onSpanChanged(android.text.Spannable, java.lang.Object, int, int, int, int) 0">
    <annotation name="android.support.annotation.NonNull" />
  </item>
  <item name="android.text.method.Touch boolean onTouchEvent(android.widget.TextView, android.text.Spannable, android.view.MotionEvent) 0">
    <annotation name="android.support.annotation.NonNull" />
  </item>
  <item name="android.text.method.Touch boolean onTouchEvent(android.widget.TextView, android.text.Spannable, android.view.MotionEvent) 1">
    <annotation name="android.support.annotation.NonNull" />
  </item>
  <item name="android.text.method.Touch boolean onTouchEvent(android.widget.TextView, android.text.Spannable, android.view.MotionEvent) 2">
    <annotation name="android.support.annotation.NonNull" />
  </item>
  <item name="android.text.method.Touch int getInitialScrollX(android.widget.TextView, android.text.Spannable) 1">
    <annotation name="android.support.annotation.NonNull" />
  </item>
  <item name="android.text.method.Touch int getInitialScrollY(android.widget.TextView, android.text.Spannable) 1">
    <annotation name="android.support.annotation.NonNull" />
  </item>
  <item name="android.text.method.Touch void scrollTo(android.widget.TextView, android.text.Layout, int, int) 0">
    <annotation name="android.support.annotation.NonNull" />
  </item>
  <item name="android.text.method.Touch void scrollTo(android.widget.TextView, android.text.Layout, int, int) 1">
    <annotation name="android.support.annotation.NonNull" />
  </item>
</root>

