<?xml version="1.0" encoding="UTF-8"?>
<root>
  <item name="android.service.media.MediaBrowserService android.media.session.MediaSession.Token getSessionToken()">
    <annotation name="android.support.annotation.Nullable" />
  </item>
  <item name="android.service.media.MediaBrowserService android.service.media.MediaBrowserService.BrowserRoot onGetRoot(java.lang.String, int, android.os.Bundle)">
    <annotation name="android.support.annotation.Nullable" />
  </item>
  <item name="android.service.media.MediaBrowserService android.service.media.MediaBrowserService.BrowserRoot onGetRoot(java.lang.String, int, android.os.Bundle) 0">
    <annotation name="android.support.annotation.NonNull" />
  </item>
  <item name="android.service.media.MediaBrowserService android.service.media.MediaBrowserService.BrowserRoot onGetRoot(java.lang.String, int, android.os.Bundle) 2">
    <annotation name="android.support.annotation.Nullable" />
  </item>
  <item name="android.service.media.MediaBrowserService void notifyChildrenChanged(java.lang.String) 0">
    <annotation name="android.support.annotation.NonNull" />
  </item>
  <item name="android.service.media.MediaBrowserService void onLoadChildren(java.lang.String, android.service.media.MediaBrowserService.Result&lt;java.util.List&lt;android.media.browse.MediaBrowser.MediaItem&gt;&gt;) 0">
    <annotation name="android.support.annotation.NonNull" />
  </item>
  <item name="android.service.media.MediaBrowserService void onLoadChildren(java.lang.String, android.service.media.MediaBrowserService.Result&lt;java.util.List&lt;android.media.browse.MediaBrowser.MediaItem&gt;&gt;) 1">
    <annotation name="android.support.annotation.NonNull" />
  </item>
  <item name="android.service.media.MediaBrowserService.BrowserRoot BrowserRoot(java.lang.String, android.os.Bundle) 0">
    <annotation name="android.support.annotation.NonNull" />
  </item>
  <item name="android.service.media.MediaBrowserService.BrowserRoot BrowserRoot(java.lang.String, android.os.Bundle) 1">
    <annotation name="android.support.annotation.Nullable" />
  </item>
</root>

