<?xml version="1.0" encoding="UTF-8"?>
<root>
  <item name="android.net.http.SslCertificate SslCertificate(java.security.cert.X509Certificate) 0">
    <annotation name="android.support.annotation.NonNull" />
  </item>
  <item name="android.net.http.SslCertificate android.net.http.SslCertificate.DName getIssuedBy()">
    <annotation name="android.support.annotation.NonNull" />
  </item>
  <item name="android.net.http.SslCertificate android.net.http.SslCertificate.DName getIssuedTo()">
    <annotation name="android.support.annotation.NonNull" />
  </item>
  <item name="android.net.http.SslCertificate.DName java.lang.String getCName()">
    <annotation name="android.support.annotation.NonNull" />
  </item>
  <item name="android.net.http.SslCertificate.DName java.lang.String getDName()">
    <annotation name="android.support.annotation.NonNull" />
  </item>
  <item name="android.net.http.SslCertificate.DName java.lang.String getOName()">
    <annotation name="android.support.annotation.NonNull" />
  </item>
  <item name="android.net.http.SslCertificate.DName java.lang.String getUName()">
    <annotation name="android.support.annotation.NonNull" />
  </item>
  <item name="android.net.http.SslError SslError(int, android.net.http.SslCertificate) 1">
    <annotation name="android.support.annotation.NonNull" />
  </item>
  <item name="android.net.http.SslError SslError(int, android.net.http.SslCertificate, java.lang.String) 1">
    <annotation name="android.support.annotation.NonNull" />
  </item>
  <item name="android.net.http.SslError SslError(int, android.net.http.SslCertificate, java.lang.String) 2">
    <annotation name="android.support.annotation.NonNull" />
  </item>
  <item name="android.net.http.SslError SslError(int, java.security.cert.X509Certificate, java.lang.String) 2">
    <annotation name="android.support.annotation.NonNull" />
  </item>
  <item name="android.net.http.SslError android.net.http.SslCertificate getCertificate()">
    <annotation name="android.support.annotation.NonNull" />
  </item>
  <item name="android.net.http.SslError java.lang.String getUrl()">
    <annotation name="android.support.annotation.NonNull" />
  </item>
</root>

